Meaning,Weight
danger,1
threat,1
terror,1
panic,1
dread,1
anxiety,1
uncertainty,1
doubt,1
suspicion,1
paranoia,1
vulnerability,1
helplessness,1
isolation,1
abandonment,1
rejection,1
failure,1
defeat,1
loss,1
death,1
injury,1
pain,1
suffering,1
disease,1
infection,1
poison,1
radiation,1
starvation,1
thirst,1
exposure,1
darkness,1
silence,1
unknown,1
mystery,1
secret,1
monster,1
enemy,1
ambush,1
attack,1
invasion,1
war,1
battle,1
siege,1
destruction,1
catastrophe,1
disaster,1
explosion,1
fire,1
flood,1
storm,1
earthquake,1
collapse,1
betrayal,1
treachery,1
deception,1
conspiracy,1
exposure,1
discovery,1
judgment,1
punishment,1
execution,1
imprisonment,1
exile,1
humiliation,1
shame,1
dishonor,1
disgrace,1
failure,1
reputation,1
responsibility,1
obligation,1
duty,1
expectation,1
change,1
loss,1
separation,1
loneliness,1
grief,1
memory,1
past,1
future,1
unknown,1
alien,1
stranger,1
outsider,1
authority,1
power,1
control,1
oppression,1
captivity,1
slavery,1
freedom,1
escape,1
refuge,1
shelter,1
sanctuary,1
hope,1
courage,1
